abundance,AverageShortestPathLength,Betweenness Dir,BetweennessCentrality,Bridging Dir,Centroid Dir,Class,Closeness Dir,ClosenessCentrality,ClusteringCoefficient,degree,Eccentricity,EdgeCount,EigenVector Dir,Family,Genus,Indegree,Outdegree,Species,Kingdom,Label,MCODE::Clusters (1),MCODE::Node Status (1),MCODE::Score (1),name,negdegree,NeighborhoodConnectivity,Order,oriID,PartnerOfMultiEdgedNodePairs,phylum,posdegree,Radiality Dir,samplecount,selected,SelfLoops,shared name,Stress,unknowndegree
372,1.5,0,0,0,-80,Dothideomycetes,65.7,0.6666666666666666,0.20714285714285716,56,5,56,-1.38E-12,Capnodiales,Capnodiales,0,56,fcda6e5477d34187c3354e74411ccccc,Fungi,347,Cluster 2,Clustered,9.832147937411095,347,0,29.125,Capnodiales,347,0,Ascomycota,56,6.914194842010645E-4,3,FALSE,0,347,0,0
396,0,0,0,0,0,Dothideomycetes,0,0,0.200209644,54,0,54,-1.65E-27,Lophiostomataceae,Lophiostomataceae,54,0,eeec9c079982dd137d67fdf0afdc2004,Fungi,370,Cluster 1,Clustered,8.039867109634551,370,0,28.98148148148148,Pleosporales,370,0,Ascomycota,54,6.613756613756613E-4,3,FALSE,0,370,0,0
414,2,6.187942130333434,0.044907111,0.061526929,-5,Sordariomycetes,3.1666666666666665,0.5,0.21116138763197587,52,3,52,-3.91E-27,Sporocadaceae,Neopestalotiopsis,50,2,b1700e7f0e92adc360cb3065cd5be12d,Fungi,408,Cluster 2,Clustered,10.057142857142857,408,0,29.692307692307693,Xylariales,408,0,Ascomycota,52,6.627637247321329E-4,2,FALSE,0,408,1982,0
371,1.5897435897435896,7.783333333333333,0.081195514,0.053331858995062445,-78,Eurotiomycetes,60.58333333333334,0.6290322580645161,0.19047619047619047,49,4,49,-3.54E-13,Chaetothyriales,Chaetothyriales,1,48,e882ba09595916cf30cf2011c0600e9d,Fungi,337,Cluster 3,Seed,6.106060606060606,337,0,28.73469387755102,Chaetothyriales,337,0,Ascomycota,49,6.889820290520752E-4,2,TRUE,0,337,852,0
473,1.8333333333333333,6.021275463666768,0.043266402,0.068064548,-6,Dothideomycetes,4.166666666666666,0.5454545454545455,0.21768707482993196,49,3,49,-3.25E-26,Aureobasidiaceae,Aureobasidium,46,3,a66f0ef2c13257e1904b0290771dfc94,Fungi,469,Cluster 1,Clustered,9.478991596638656,469,0,30.040816326530614,Dothideales,469,0,Ascomycota,49,6.632032718028075E-4,2,FALSE,0,469,1915,0
202,1.6338028169014085,485.3361805949772,3.220821137442141,5.611331444143579,-71,Dothideomycetes,55.36666666666667,0.6120689655172413,0.20582793709528216,47,5,47,1.3960067575089263E-26,Dothideomycetes,Dothideomycetes,2,45,22ff1032838ee027f64f69db8618a089,Fungi,195,Cluster 1,Clustered,7.846372688477952,195,0,29,Dothideomycetes,195,0,Ascomycota,47,6.865145655506989E-4,2,FALSE,0,195,95211,0
271,1.8732394366197183,92.06109153431137,0.6806314795281633,1.014789531015928,-71,Lecanoromycetes,52.18333333333333,0.5338345864661654,0.2085858585858586,45,5,45,0,Stictidaceae,Cryptodiscus,3,42,33dd0ebd99c2b8569ee1921e7eff0623,Fungi,244,Cluster 5,Clustered,7.766714082503556,244,0,29.31111111111111,Ostropales,244,0,Ascomycota,45,6.850175250316818E-4,2,FALSE,0,244,26600,0
392,1.6,11.332528099919397,0.074272762,0.18119134531677825,-10,Eurotiomycetes,7.666666666666666,0.625,0.22880371660859466,42,3,42,-2.76E-27,Trichomeriaceae,Trichomeriaceae,36,6,dd3431bbda24b05a6a3e31d09eba9c20,Fungi,374,Cluster 1,Clustered,8.869458128078819,374,0,31.166666666666668,Chaetothyriales,374,0,Ascomycota,42,6.647462884998891E-4,2,FALSE,0,374,3992,0
513,3.6901408450704225,197.23097749788818,1.0539930167059524,3.011736940750938,-71,Dothideomycetes,22.835714285714268,0.27099236641221375,0.19390243902439025,41,7,41,9.623424615475244E-28,Didymellaceae,Epicoccum,37,4,0fe672eceaca4ab22c9bf7dd5235f06e,Fungi,468,Cluster 1,Clustered,8,468,0,28.78048780487805,Pleosporales,468,0,Ascomycota,41,6.715175817692564E-4,2,FALSE,0,468,40331,0
527,1.5555555555555556,72.82504947,0.49442094520302377,0.8127678519694705,-9,Dothideomycetes,7.166666666666666,0.6428571428571428,0.23170731707317074,41,3,41,-1.91E-26,Capnodiales,Capnodiales,35,6,fde743cc68f48f5e4712ddbfebed4db5,Fungi,482,Cluster 1,Clustered,9.687356322,482,0,30.536585365853657,Capnodiales,482,0,Ascomycota,41,6.645254180972422E-4,2,FALSE,0,482,9285,0
417,3.1267605633802815,66.80197564646909,0.36281668701955894,1.2881482757591995,-71,Ascomycota,32.73571428571427,0.31981981981981983,0.25573549257759787,39,7,39,-4.59E-27,Ascomycota,Ascomycota,22,17,f41942a086eca88e2579d03880663805,Fungi,378,Cluster 2,Seed,12.272727272727273,378,0,32.15384615384615,Ascomycota,378,0,Ascomycota,39,6.760117239747554E-4,4,FALSE,0,378,17071,0
397,2.1549295774647885,48.962793488025405,0.2717375889735309,1.0431160722935524,-71,Eurotiomycetes,44.93333333333335,0.4640522875816994,0.24253200568990044,38,5,38,2.0031735104958913E-15,Chaetothyriales,Chaetothyriales,8,30,ac54afde05b738c535adc198bbe75d65,Fungi,396,Cluster 2,Clustered,10.901185770750988,396,0,33.21052631578947,Chaetothyriales,396,0,Ascomycota,38,6.8163228210488E-4,1,FALSE,0,396,20564,0
498,2.183098591549296,263.3144643166458,1.9977971707493272,4.931986501170021,-71,Eurotiomycetes,43.78333333333334,0.4580645161290322,0.24365079365079365,36,5,36,-5.81E-27,Phaeomoniellaceae,Neophaeomoniella,8,28,90e05d3333926ee8560b9c5a503b467c,Fungi,449,Cluster 2,Clustered,10.252307692307692,449,0,31.305555555555557,Phaeomoniellales,449,0,Ascomycota,36,6.810983846616638E-4,3,FALSE,0,449,79094,0
221,1,32.598769531122464,0.18318139076682588,0.7441415582713597,-2,Dothideomycetes,2,1,0.2184873949579832,35,1,35,-1.44E-27,Aureobasidiaceae,Aureobasidium,33,2,ab22bd41b40f836aa59fde3116a5762d,Fungi,208,Cluster 5,Clustered,7.521739130434783,208,0,29.942857142857143,Dothideales,208,0,Ascomycota,35,6.622516556291391E-4,3,FALSE,0,208,4716,0
493,1.3076923076923077,29.3817955,0.1853846840142501,0.6207343059111975,-13,Eurotiomycetes,11.333333333333332,0.7647058823529411,0.23025210084033612,35,3,35,5.433176071299502E-28,Coryneliaceae,Hypsotheca,25,10,076150dfb4e2302b250df2dc85e0b8f3,Fungi,487,Cluster 1,Clustered,9.186666666666667,487,0,31.6,Coryneliales,487,0,Ascomycota,35,6.663705019991114E-4,2,FALSE,0,487,4219,0
438,2,8.529200539,0.028230611371952163,0.22738321910338796,-71,Dothideomycetes,46.51666666666667,0.5,0.23440285204991088,34,5,34,4.171329386662271E-12,Capnodiaceae,Antennariella,4,30,33107f6449484515fc72452f98bcb825,Fungi,437,Cluster 2,Clustered,11.175438596491228,437,0,33.44117647058823,Capnodiales,437,0,Ascomycota,34,6.823687293156976E-4,1,FALSE,0,437,2069,0
360,2.7464788732394365,57.06759083346025,0.4012483203648518,1.5384815909301774,-71,Eurotiomycetes,35.98333333333332,0.36410256410256414,0.27718360071301246,34,6,34,9.322276587160972E-27,Eurotiomycetes,Eurotiomycetes,14,20,ed6e8f9e89f047ddebc82444c85d7f01,Fungi,350,Cluster 2,Clustered,11.123076923076924,350,0,33.67647059,Eurotiomycetes,350,0,Ascomycota,34,6.77499124896963E-4,3,FALSE,0,350,20424,0
475,0,0,0,0,0,Eurotiomycetes,0,0,0.22549019607843138,34,0,34,9.94443832633553E-27,Phaeomoniellaceae,Neophaeomoniella,34,0,9a217f36acc0282129f97ddba71e9439,Fungi,474,Cluster 1,Clustered,8.28,474,0,31.441176470588236,Phaeomoniellales,474,0,Ascomycota,34,6.613756613756613E-4,1,FALSE,0,474,0,0
345,3.3943661971830985,38.29825088977807,0.2970645787958502,1.0039478278660978,-71,Dothideomycetes,27.71666666666666,0.2946058091286307,0.2647058823529412,34,6,34,-2.98E-26,Teratosphaeriaceae,Devriesia,23,11,bde8a08ac855d165cbf931b123453d73,Fungi,327,Cluster 2,Clustered,10.787878787878787,327,0,32.85294117647059,Capnodiales,327,0,Ascomycota,34,6.737258160503945E-4,2,FALSE,0,327,26374,0
235,2.3098591549295775,35.08820170484257,0.16964572328860605,0.9974565807612901,-71,Ascomycota,43.66666666666667,0.4329268292682927,0.24337121212121213,33,6,33,4.290574868413944E-12,Ascomycota,Ascomycota,4,29,4d3cc57da1ade23861ce6acbe70cd5ae,Fungi,234,Cluster 5,Clustered,7.658119658119658,234,0,33.75757575757576,Ascomycota,234,0,Ascomycota,33,6.810442678774118E-4,1,FALSE,0,234,6667,0
525,3.507042253521127,221.52473177062055,1.477274896650072,4.4763493633907645,-71,Eurotiomycetes,25.88333333333333,0.285140562,0.23674242424242425,33,6,33,7.386376854203786E-27,Chaetothyriales_fam_Incertae_sedis,Neophaeococcomyces,24,9,96489336bd975fad8def83536403a0a0,Fungi,498,Cluster 2,Clustered,10.79532164,498,0,30.575757575757574,Chaetothyriales,498,0,Ascomycota,33,6.728946807675483E-4,4,FALSE,0,498,53206,0
300,4.154929577464789,67.33601748146934,0.42781748361395744,1.7605143491887192,-71,Sordariomycetes,25.03809523809522,0.2406779661016949,0.2481060606060606,33,7,33,3.658704985149102E-26,Clavicipitaceae,Claviceps,21,12,ede3c61fc2e8524ff34109bc965e90e8,Fungi,294,Cluster 1,Seed,9.762845849802371,294,0,31.90909090909091,Hypocreales,294,0,Ascomycota,33,6.725121852803102E-4,2,FALSE,0,294,22389,0
431,3.140845070422535,124.41662118801358,0.6928355281849977,3.476617877294293,-71,Sordariomycetes,31.235714285714273,0.3183856502242153,0.2765151515151515,33,7,33,-8.46E-27,Sporocadaceae,Neopestalotiopsis,20,13,7ca86a91e6296f55d7eb9c3f24692ac8,Fungi,430,Cluster 2,Clustered,11.333333333333334,430,0,33.54545454545455,Xylariales,430,0,Ascomycota,33,6.753269305908625E-4,1,FALSE,0,430,42790,0
484,0,0,0,0,0,Sordariomycetes,0,0,0.24838709677419354,31,0,31,5.435322512699358E-28,Nectriaceae,Microcera,31,0,cd5c89b1e01c2ee418445713c7ef2e1a,Fungi,483,Cluster 1,Clustered,9.410526315789474,483,0,32.29032258064516,Hypocreales,483,0,Ascomycota,31,6.613756613756613E-4,1,FALSE,0,483,0,0
492,3.183098591549296,54.07843582439883,0.25174165911032015,1.7513670813393003,-71,Eurotiomycetes,30.485714285714273,0.3141592920353982,0.2752688172043011,31,7,31,-1.97E-27,Chaetothyriales,Chaetothyriales,19,12,c8a0a43d7c33c096b0c30ccf3ce81207,Fungi,491,Cluster 1,Clustered,8.034188034188034,491,0,34.32258064516129,Chaetothyriales,491,0,Ascomycota,31,6.749850539023776E-4,1,FALSE,0,491,22527,0
282,3.140845070422535,43.62381834777242,0.277080186,1.4883253327470685,-71,Eurotiomycetes,34.27619047619047,0.3183856502242153,0.27816091954022987,30,7,30,-1.17E-26,Trichomeriaceae,Trichomeriaceae,11,19,ae052f9ffd283c4c79803702769af477,Fungi,281,Cluster 2,Clustered,11.333333333333334,281,0,33.766666666666666,Chaetothyriales,281,0,Ascomycota,30,6.767164429205793E-4,1,FALSE,0,281,12828,0
192,2.23943662,174.19093512788842,1.143366557393247,5.813215032798596,-71,Eurotiomycetes,44.1,0.4465408805031446,0.25287356321839083,30,6,30,-6.69E-13,Chaetothyriales,Chaetothyriales,2,28,53c571ef12a0b56004589972e07636bd,Fungi,191,,Unclustered,7.333333333333333,191,0,32.766666666666666,Chaetothyriales,191,0,Ascomycota,30,6.812453164384493E-4,1,FALSE,0,191,31967,0
333,2.295774647887324,41.761713953509734,0.2370093825520227,1.567601554702523,-71,Sordariomycetes,41.63333333333333,0.43558282208588955,0.2512315270935961,29,5,29,-2.00E-15,Xylariales_fam_Incertae_sedis,Pseudophloeospora,5,24,2f9327d860fa074d06411d029ef1c5bd,Fungi,332,Cluster 1,Clustered,9.544117647058824,332,0,34.06896551724138,Xylariales,332,0,Ascomycota,29,6.801024687719613E-4,1,FALSE,0,332,21394,0
554,2.5492957746478875,472.54706310976104,2.7713483342280987,7.318847996581775,-71,Dothideomycetes,35.65,0.39226519337016574,0.13669950738916256,29,6,29,-1.73E-27,Capnodiaceae,Capnodiaceae,15,14,1eec257225bb0579d980783ae7972ef4,Fungi,511,,Unclustered,3.868421052631579,511,0,25.75862068965517,Capnodiales,511,0,Ascomycota,29,6.773461577539196E-4,4,FALSE,0,511,138693,0
220,2.0972222222222223,1.5833333333333333,0.016517288666862556,0.060242655,-72,Ascomycota,44.49999999999999,0.4768211920529801,0.23941798941798942,28,4,28,1.0140850785034419E-12,Ascomycota,Ascomycota,1,27,e5ebe6d6646ab7996c62dece6ddbee80,Fungi,219,Cluster 1,Clustered,9.463235294117649,219,0,33.107142857142854,Ascomycota,219,0,Ascomycota,28,6.814310051107319E-4,1,FALSE,0,219,355,0
343,2.1549295774647885,87.50392122930408,0.5399951684067735,3.5303421094264915,-71,Dothideomycetes,43.266666666666666,0.4640522875816994,0.26455026455026454,28,5,28,6.64767733389241E-15,Mycosphaerellaceae,Zasmidium,3,25,43184c9361eea5440506fb3162499014,Fungi,342,Cluster 2,Clustered,10.274509803921568,342,0,34.07142857142857,Capnodiales,342,0,Ascomycota,28,6.808587898869771E-4,1,FALSE,0,342,21782,0
246,2.647887323943662,53.956174939718096,0.3390976606578525,2.100043627725513,-71,Dothideomycetes,39.349999999999994,0.3776595744680851,0.25396825396825395,28,6,28,-4.64E-15,Capnodiales,Capnodiales,3,25,fec08b186953b12f511b122394669495,Fungi,245,Cluster 5,Clustered,7.666666666666667,245,0,32.964285714285715,Capnodiales,245,0,Ascomycota,28,6.790479747394151E-4,1,FALSE,0,245,9198,0
404,1.6666666666666667,24.09817127317127,0.1590530347472751,0.9230758430917296,-3,Ascomycota,2,0.6,0.22364672364672364,27,2,27,-3.00E-26,Ascomycota,Ascomycota,26,1,e7f6456d921e809f2d15b343b721d944,Fungi,403,Cluster 1,Clustered,9.696969696969697,403,0,31.88888888888889,Ascomycota,403,0,Ascomycota,27,6.622516556291391E-4,1,FALSE,0,403,1916,0
368,2.5774647887323945,225.3762308980614,1.2699241777621684,7.735530070540272,-71,Sordariomycetes,34.46666666666667,0.3879781420765027,0.14387464387464388,27,6,27,3.021470240696918E-26,Sporocadaceae,Neopestalotiopsis,16,11,724122fc934159771d20cbd5915f2f5f,Fungi,362,,Unclustered,2.8,362,0,27.555555555555557,Xylariales,362,0,Ascomycota,27,6.768036818120287E-4,2,FALSE,0,362,61520,0
323,1.6666666666666667,4.889528409551294,0.036892133,0.21582741974437322,-9,Dothideomycetes,7.083333333333333,0.6,0.29914529914529914,27,4,27,7.084427554470831E-27,Aureobasidiaceae,Aureobasidium,21,6,00ced32aa98362b738d91a3eb9bd195a,Fungi,322,Cluster 2,Clustered,10.214285714285714,322,0,34.81481481481482,Dothideales,322,0,Ascomycota,27,6.644886206323716E-4,1,FALSE,0,322,2304,0
255,4.464788732394366,39.14969304636824,0.2796286129814711,1.7538905289950397,-71,Ascomycota,20.41904761904761,0.22397476340694006,0.25846153846153846,26,8,26,-4.51E-27,Ascomycota,Ascomycota,21,5,b2d8eda0355f0381b2786743fb46a83e,Fungi,254,Cluster 1,Clustered,8.5,254,0,33.80769230769231,Ascomycota,254,0,Ascomycota,26,6.704295857383672E-4,1,FALSE,0,254,8572,0
389,2.816901408450704,1030.209909302001,6.755050034654834,34.02066037562743,-71,Dothideomycetes,28.29999999999999,0.35500000000000004,0.1646153846153846,26,5,26,8.533241548669568E-27,Capnodiales,Capnodiales,22,4,fdf8df0e0588c6b6d44bb570afe64370,Fungi,384,Cluster 3,Clustered,5.117647058823529,384,0,26.923076923076923,Capnodiales,384,0,Ascomycota,26,6.739906989283534E-4,2,FALSE,0,384,262243,0
442,1.9027777777777777,0,0,0,-72,Sordariomycetes,45.75,0.5255474452554745,0.195,25,4,25,-6.32E-12,Nectriaceae,Fusarium,0,25,56b17ee22867f28d69ceed6536bce3f4,Fungi,441,Cluster 5,Clustered,6.666666666666667,441,0,30.92,Hypocreales,441,0,Ascomycota,25,6.820119352088657E-4,1,FALSE,0,441,0,0
319,2.2253521126760565,60.74872747959868,0.3712678184497897,2.7181273018929826,-71,Dothideomycetes,41.98333333333334,0.4493670886075949,0.195,25,5,25,-1.07E-14,Teratosphaeriaceae,Teratosphaeriaceae,1,24,feeabaccf7f7e8bb81fc625d26d59c45,Fungi,318,Cluster 5,Clustered,7.2,318,0,30.88,Capnodiales,318,0,Ascomycota,25,6.802643960952819E-4,1,FALSE,0,318,26970,0
428,1,1.1645021645021645,0.008626577,0.054852762,-1,Ascomycota,1,1,0.24,25,1,25,-1.70E-27,Ascomycota,Ascomycota,24,1,46e3f5516abff5ba69b0d6309af3b81e,Fungi,427,Cluster 1,Clustered,8.583333333333332,427,0,31.96,Ascomycota,427,0,Ascomycota,25,6.618133686300463E-4,1,FALSE,0,427,470,0
311,4.422535211267606,4.052147369538675,0.025923832722661144,0.20029547841547854,-71,Eurotiomycetes,20.935714285714273,0.22611464968152864,0.2833333333333333,25,8,25,-3.59E-27,Phaeomoniellales,Phaeomoniellales,19,6,54dffccfa59596e697f1fb6e4f15bc16,Fungi,310,Cluster 1,Clustered,9.139705882352942,310,0,34.6,Phaeomoniellales,310,0,Ascomycota,25,6.706618953863259E-4,1,FALSE,0,310,888,0
433,1,0.5158730158730158,0.003890125,0.025599293716702054,-1,Eurotiomycetes,1,1,0.2683333333333333,25,1,25,-9.25E-27,Trichomeriaceae,Knufia,24,1,1df56c2f60a940dd02d5623b7d7d774d,Fungi,432,Cluster 5,Clustered,6.753246753246753,432,0,33.2,Chaetothyriales,432,0,Ascomycota,25,6.618133686300463E-4,1,FALSE,0,432,202,0
464,2.8309859154929575,554.3139894353401,3.087886457436083,25.025475136521038,-71,Dothideomycetes,29.233333333333324,0.35323383084577115,0.215,25,6,25,1.2997620120168565E-26,Mycosphaerellaceae,Acrodontium,21,4,5d087a3b8743ab8ee955e9ec12da26fa,Fungi,463,Cluster 3,Clustered,4.968421052631579,463,0,31.84,Capnodiales,463,0,Ascomycota,25,6.744149450351813E-4,1,FALSE,0,463,140809,0
409,3.7746478873239435,60.97816134048334,0.4446363164510515,2.779229770237577,-71,Sordariomycetes,20.38333333333333,0.26492537313432835,0.20333333333333334,25,6,25,4.052075333484333E-28,Valsaceae,Cytospora,24,1,d33a6e6245456c04f86ad8cea3ef80f7,Fungi,389,Cluster 3,Clustered,5.294117647058823,389,0,30.96,Diaporthales,389,0,Ascomycota,25,6.704135334145275E-4,2,FALSE,0,389,32869,0
298,2.6056338028169015,22.545995038100294,0.10953315349310755,1.2537861014632992,-71,Ascomycota,38.3,0.38378378378378375,0.2916666666666667,25,6,25,-4.29E-12,Ascomycota,Ascomycota,4,21,02f5cd858d789688ae9632a4f1bd79a7,Fungi,297,Cluster 1,Clustered,8.571428571428571,297,0,37,Ascomycota,297,0,Ascomycota,25,6.785641582411615E-4,1,FALSE,0,297,5061,0
496,2.4788732394366195,7.306855721545602,0.026608773,0.42841283926230356,-71,Dothideomycetes,38.03333333333333,0.40340909090909094,0.2971014492753623,24,6,24,2.231203304732085E-26,Mycosphaerellaceae,Acrodontium,6,18,c5172d4146b1397e88df2c36df0b9b34,Fungi,495,Cluster 2,Clustered,10.117647058823529,495,0,36.5,Capnodiales,495,0,Ascomycota,24,6.784413939709172E-4,1,FALSE,0,495,1792,0
511,2.23943662,145.7326308203194,0.9331112097943411,6.951725053126749,-71,Sordariomycetes,39.20000000000001,0.4465408805031446,0.21920289855072464,24,5,24,-3.93E-27,Cryphonectriaceae,Cryphonectriaceae,7,17,161a659ec667efcc7d29ed5624977988,Fungi,510,Cluster 3,Clustered,5.052631578947368,510,0,30.791666666666668,Diaporthales,510,0,Ascomycota,24,6.789788158609447E-4,1,FALSE,0,510,44197,0
236,2.8028169014084505,28.250847489856763,0.18359210941066545,1.4496545431042174,-71,Sordariomycetes,35.38333333333333,0.35678392,0.27717391304347827,24,6,24,2.652781091469714E-26,Sporocadaceae,Neopestalotiopsis,6,18,ad791fadb5271c502a65b6c9ad7efb10,Fungi,235,Cluster 1,Clustered,8.915032679738562,235,0,35.625,Xylariales,235,0,Ascomycota,24,6.772238337641226E-4,1,FALSE,0,235,7761,0
343,2.408450704225352,160.99013023462032,0.6477690487267062,6.891987080309711,-71,Eurotiomycetes,38.183333333333344,0.41520467836257313,0.2246376811594203,24,5,24,2.0031735104990633E-15,Phaeomoniellaceae,Neophaeomoniella,5,19,a17326e30b8852d381da0b97ce6a2b8c,Fungi,313,Cluster 5,Clustered,6.9,313,0,31.041666666666668,Phaeomoniellales,313,0,Ascomycota,24,6.785104434065739E-4,4,FALSE,0,313,39097,0
316,3.6619718309859155,10.984633659684183,0.068830401,0.6503001178267683,-71,Lecanoromycetes,28.619047619047613,0.27307692307692305,0.33152173913043476,24,8,24,1.3217087116967666E-26,Lecanoraceae,Lecanoraceae,12,12,adb68cbc012f095d5ae248d8af740858,Fungi,315,Cluster 2,Clustered,11.01578947368421,315,0,37.041666666666664,Lecanorales,315,0,Ascomycota,24,6.741356617765081E-4,1,FALSE,0,315,4482,0
481,2.887323943661972,125.46542519907719,0.5607769420364865,6.8861954423016964,-71,Eurotiomycetes,30.84999999999998,0.3463414634146341,0.233201581,23,6,23,-2.64E-26,Phaeomoniellales,Phaeomoniellales,14,9,cea0dacfa89cc3d52f37e3a3406e5605,Fungi,480,Cluster 3,Clustered,4.968421052631579,480,0,33.65217391304348,Phaeomoniellales,480,0,Ascomycota,23,6.751510650508045E-4,1,FALSE,0,480,54296,0
307,3.943661971830986,81.32569852220806,0.5630503851158091,4.126355110654658,-71,Dothideomycetes,27.738095238095216,0.25357142857142856,0.25296442687747034,23,7,23,-3.21E-26,Capnodiales,Capnodiales,8,15,ae54a3715d1db35f288cb721353ce5a4,Fungi,299,Cluster 5,Seed,7.794117647058823,299,0,32.82608695652174,Capnodiales,299,0,Ascomycota,23,6.737355427581456E-4,3,FALSE,0,299,32475,0
233,2.112676056338028,885.0784908942939,5.449782788301509,47.51752158959211,-71,Sordariomycetes,41.06666666666667,0.4733333333333334,0.20948616600790515,23,5,23,-2.63E-27,Sporocadaceae,Seiridium,4,19,2bbfd290474d74a1cf2cb0312a182242,Fungi,232,Cluster 3,Clustered,5.176470588235294,232,0,30.347826086956523,Xylariales,232,0,Ascomycota,23,6.79840464104423E-4,1,FALSE,0,232,277017,0
477,2.704225352112676,56.362730694186695,0.33707703,3.0643470997088555,-71,Ascomycota,33.53333333333332,0.3697916666666667,0.21936758893280633,23,6,23,7.222186233282851E-27,Ascomycota,Ascomycota,11,12,e08eecca7c20e8a340ad60b2a4c255c1,Fungi,476,Cluster 3,Clustered,5.978021978021978,476,0,32.69565217391305,Ascomycota,476,0,Ascomycota,23,6.763764260269644E-4,1,FALSE,0,476,31367,0
303,4.450704225352113,41.86942796732091,0.24735364016834935,1.9651257376025144,-71,Dothideomycetes,21.485714285714284,0.22468354430379744,0.17588932806324112,23,8,23,-4.45E-27,Pleosporales,Pleosporales,19,4,42cd3aba2a645ef055d779bba22224ce,Fungi,302,,Unclustered,4.433333333333334,302,0,28.08695652173913,Pleosporales,302,0,Ascomycota,23,6.709093697285703E-4,1,FALSE,0,302,10089,0
222,3.76056338,12.846579155781747,0.068192732,0.8131142182875574,-71,Eurotiomycetes,27.60238095238095,0.26591760299625467,0.2885375494071146,23,8,23,0,Coryneliaceae,Hypsotheca,12,11,4a8e8e6eaed1d47729f0237066c56992,Fungi,221,Cluster 1,Clustered,8.812865497076023,221,0,36.69565217391305,Coryneliales,221,0,Ascomycota,23,6.736739450185824E-4,1,FALSE,0,221,4303,0
301,2.1549295774647885,31.44385992552376,0.2726620730475158,1.672197413546761,-71,Dothideomycetes,40.949999999999996,0.4640522875816994,0.18614718614718614,22,5,22,-2.75E-26,Capnodiales,Capnodiales,3,19,64eb7c924c6f2b81568d5c47a6d123c1,Fungi,300,,Unclustered,2.8285714285714283,300,0,28.863636363636363,Capnodiales,300,0,Ascomycota,22,6.797865470242341E-4,1,FALSE,0,300,10605,0
456,3.267605633802817,7.873705244580552,0.060514522,0.609678838,-71,Sordariomycetes,29.96666666666666,0.30603448275862066,0.31666666666666665,21,6,21,-1.12E-26,Valsaceae,Cytospora,7,14,9ca3105a117897b37ca2a3f811964073,Fungi,455,Cluster 1,Clustered,9.139705882352942,455,0,36.76190476190476,Diaporthales,455,0,Ascomycota,21,6.747486561255931E-4,1,FALSE,0,455,5432,0
498,3.3943661971830985,6.2786672228539375,0.050779699400067956,0.5029516026254753,-71,Dothideomycetes,26.633333333333326,0.2946058091286307,0.3380952380952381,21,6,21,2.136369262961118E-26,Phyllostictaceae,Phyllostictaceae,13,8,6d3fe256baa0d15d2e5dfe7cbe6dd8ec,Fungi,497,Cluster 1,Clustered,9.130718954248367,497,0,38.142857142857146,Botryosphaeriales,497,0,Ascomycota,21,6.73234442674087E-4,1,FALSE,0,497,5804,0
364,1.5,10.07054791613615,0.055430921,0.6365547753785156,-4,Dothideomycetes,3,0.6666666666666666,0.1763157894736842,20,2,20,6.519416313837155E-27,Hysteriaceae,Gloniopsis,18,2,45e9dbeb4c6f81629d1d1310e078c05d,Fungi,363,,Unclustered,4.076923076923077,363,0,29.1,Hysteriales,363,0,Ascomycota,20,6.626905235255136E-4,1,FALSE,0,363,1628,0
335,3.0140845070422535,5.901276497826498,0.043596874,0.5196285119947418,-71,Dothideomycetes,32.18333333333332,0.3317757009345794,0.2868421052631579,20,6,20,4.644503823366225E-15,Lophiostomataceae,Lophiostoma,5,15,e3059e979256b4d61c50e91573b08a9b,Fungi,334,Cluster 3,Clustered,5.380116959064328,334,0,38.3,Pleosporales,334,0,Ascomycota,20,6.757593846084534E-4,1,FALSE,0,334,2693,0
434,2.563380281690141,8.076002749547264,0.047174951533914176,0.7308388997526394,-71,Ascomycota,35.699999999999996,0.3901098901098901,0.2894736842105263,19,6,19,4.113613420008263E-26,Ascomycota,Ascomycota,5,14,0c2bf0692b9707596ffe0da601068d31,Fungi,433,,Unclustered,7.371428571428571,433,0,35.94736842105263,Ascomycota,433,0,Ascomycota,19,6.773690984217296E-4,1,FALSE,0,433,3357,0
352,3.4507042253521125,25.843093448968727,0.1930138563733898,2.515779278269056,-71,Ascomycota,26.383333333333322,0.28979591836734697,0.29411764705882354,18,6,18,-3.38E-26,Ascomycota,Ascomycota,9,9,d35ae73cc128de0b1835cdd9803d75ae,Fungi,351,Cluster 5,Clustered,7.615384615384615,351,0,34.5,Ascomycota,351,0,Ascomycota,18,6.731211505884198E-4,1,FALSE,0,351,18320,0
425,3.0704225352112675,12.09450873221567,0.048593953,1.3102584753611577,-71,Ascomycota,31.485714285714273,0.3256880733944954,0.3104575163398693,18,7,18,-6.34E-27,Ascomycota,Ascomycota,6,12,3fa3ad1a16d13ef7591a78511147cb07,Fungi,424,Cluster 1,Clustered,8.380952380952381,424,0,38.44444444444444,Ascomycota,424,0,Ascomycota,18,6.754409664595311E-4,1,FALSE,0,424,5862,0
310,2.915492957746479,2.123673066,0.00584225,0.26350016824355776,-71,Sordariomycetes,33.226190476190474,0.3429951690821256,0.29411764705882354,17,7,17,-4.18E-12,Sporocadaceae,Pestalotiopsis,4,13,6f40e983754625c4958310841f7dbd8d,Fungi,309,Cluster 1,Clustered,9,309,0,39.05882352941177,Xylariales,309,0,Ascomycota,17,6.76235941940314E-4,1,FALSE,0,309,576,0
518,2.056338028169014,246.01942962910033,1.5015987508097919,26.40130977807079,-71,Dothideomycetes,39.083333333333336,0.4863013698630137,0.22058823529411764,17,4,17,-8.70E-27,Teratosphaeriaceae,Phaeothecoidea,5,12,24c510862b06d1867b33fa2b00a01055,Fungi,517,,Unclustered,4.021978021978022,517,0,35.294117647058826,Capnodiales,517,0,Ascomycota,17,6.789250353606786E-4,1,FALSE,0,517,65181,0
273,3.4788732394366195,135.0355749616229,0.8118048208648719,15.616690768231356,-71,Sordariomycetes,28.226190476190474,0.2874493927125506,0.3161764705882353,17,7,17,-2.00E-15,Nectriaceae,Nectriaceae,6,11,90267d6b05e649e1ff89ed7568607b8d,Fungi,272,Cluster 5,Clustered,7.7142857142857135,272,0,37,Hypocreales,272,0,Ascomycota,17,6.739571716264031E-4,1,FALSE,0,272,44737,0
287,2.056338028169014,1053.8670598008423,6.547876972769868,124.11195195951741,-71,Sordariomycetes,39.58333333333333,0.4863013698630137,0.20952380952380953,15,4,15,2.0031735105431287E-15,Sporocadaceae,Neopestalotiopsis,2,13,2c5727cb77e572ca87c0e05f53e66160,Fungi,261,,Unclustered,4.472727272727273,261,0,31.8,Xylariales,261,0,Ascomycota,15,6.791555832248568E-4,2,FALSE,0,261,262237,0
505,2.535211267605634,45.12136793233497,0.2980927100638248,8.031968826963357,-71,Eurotiomycetes,34.29999999999999,0.39444444444444443,0.13636363636363635,12,5,12,6.691715883290637E-13,Trichomeriaceae,Trichomeriaceae,1,11,0c0ac27cda780a3e4360db311c04179a,Fungi,475,,Unclustered,1.4181818181818182,475,0,28.416666666666668,Chaetothyriales,475,0,Ascomycota,12,6.767273465520735E-4,6,FALSE,0,475,24786,0
300,0,0,0,0,0,Dothideomycetes,0,0,0.12727272727272726,11,0,11,-2.11E-27,Pleosporaceae,Alternaria,11,0,5e5e52a6f5271a12ce9005e18fc0ef2f,Fungi,266,Cluster 8,Clustered,1.5833333333333335,266,0,17.09090909090909,Pleosporales,266,0,Ascomycota,11,6.613756613756613E-4,2,FALSE,0,266,0,0
457,3.7746478873239435,19.54193670553175,0.14477234984550746,12.721651823975932,-71,Eurotiomycetes,20.383333333333326,0.26492537313432835,0.23809523809523808,7,6,7,4.256020745441075E-27,Chaetothyriales,Chaetothyriales,6,1,e827af28b633f9ea00a8224165e0bb6a,Fungi,456,,Unclustered,1.8214285714285712,456,0,35.714285714285715,Chaetothyriales,456,0,Ascomycota,7,6.704135334145275E-4,1,FALSE,0,456,14320,0
288,0,0,0,0,0,Alphaproteobacteria,0,0,0.13333333333333333,6,0,6,6.734031653805626E-28,Caulobacteraceae,Caulobacteraceae,6,0,98df5f6173e9cbf2be163c559531fd48,Bacteria,108,,Unclustered,1.2,108,0,3.1666666666666665,Caulobacterales,108,0,Proteobacteria,6,6.613756613756613E-4,2,FALSE,0,108,0,0
318,2.933333333333333,0,0,0,-75,Eurotiomycetes,30.83333333333333,0.34090909090909094,0.1,6,6,6,-7.53E-12,Phaeomoniellales,Phaeomoniellales,0,6,26f7a65a52b2def3ad81a9a584697b55,Fungi,285,Cluster 8,Clustered,1.4,285,0,18.166666666666668,Phaeomoniellales,285,0,Ascomycota,6,6.751434679869467E-4,2,FALSE,0,285,0,0
179,0,0,0,0,0,Actinobacteria,0,0,0.2,5,0,5,-1.74E-26,Kineosporiaceae,Quadrisphaera,5,0,6bf93d6f84bd9ee0611de7c927d5b508,Bacteria,73,,Unclustered,1.2,73,0,3.6,Kineosporiales,73,0,Actinobacteriota,5,6.613756613756613E-4,2,FALSE,0,73,0,0
549,1,1.5,0.13095238095238093,0.2535211267605634,-1,Ascomycota,1,1,0.35,5,1,5,-9.69E-27,Ascomycota,Ascomycota,4,1,bc91880b91426e5f4bbfb1d788a2d1ab,Fungi,407,Cluster 4,Clustered,2.4000000000000004,407,0,4.4,Ascomycota,407,0,Ascomycota,5,6.618133686300463E-4,2,FALSE,0,407,16,0
722,1,0,0,0,-5,Dothideomycetes,5,1,0.25,5,1,5,-3.21E-12,Capnodiales,Capnodiales,0,5,01a64bb94197f82f4d8dc8d95d54bf79,Fungi,489,Cluster 4,Clustered,2.7,489,0,4,Capnodiales,489,0,Ascomycota,5,6.635700066357001E-4,2,FALSE,0,489,0,0
645,1,1.5,0.13095238095238093,0.2535211267605634,-2,Ascomycota,2,1,0.35,5,1,5,1.3331829401031761E-26,Ascomycota,Ascomycota,3,2,d55f1a04d1d4b591527d71c1cff3c608,Fungi,481,Cluster 4,Clustered,2.4000000000000004,481,0,4.4,Ascomycota,481,0,Ascomycota,5,6.622516556291391E-4,3,FALSE,0,481,16,0
387,1.3333333333333333,1.5,0.17857142857142855,0.2535211267605634,-3,Ascomycota,2.5,0.75,0.3,5,2,5,2.4702109676294178E-27,Ascomycota,Ascomycota,3,2,94cb52c6f267772837d92d29384acf8c,Fungi,268,Cluster 4,Clustered,2.7,268,0,4.4,Ascomycota,268,0,Ascomycota,5,6.62471016893011E-4,2,FALSE,0,268,20,0
302,1,0,0,0,-5,Acidobacteriae,5,1,0.25,5,1,5,7.838705142001787E-14,Acidobacteriaceae_(Subgroup_1),c30f04f44921b748cd37f91284622d72,0,5,138,Bacteria,138,,Unclustered,2.4000000000000004,138,0,4,Acidobacteriales,138,0,Acidobacteriota,5,6.635700066357001E-4,2,FALSE,0,138,0,0
311,1.25,5,0.55,0.4800000000000001,-4,Gammaproteobacteria,3.5,0.8,0.2,5,2,5,-6.95E-28,Xanthomonadaceae,Xanthomonadaceae,2,3,75cfc53ad43494005052731091688e9b,Bacteria,84,,Unclustered,1.2,84,0,2.6,Xanthomonadales,84,0,Proteobacteria,5,6.629101756711965E-4,2,FALSE,0,84,11,0
1622,1,0,0,0,-4,Exobasidiomycetes,4,1,0.25,4,1,4,5.679947733049435E-13,Exobasidiaceae,Exobasidium,0,4,fcd8544d225fd45e43a5987ee56a178b,Fungi,515,,Unclustered,1.4,515,0,4.25,Exobasidiales,515,0,Basidiomycota,4,6.63129973474801E-4,2,FALSE,0,515,0,0
405,5.2368421052631575,8.2,0.058389656185718446,2.3800753904146466,-76,Ascomycota,17.78809523809523,0.19095477386934676,0.083333333,4,8,4,1.6470608344024127E-11,Ascomycota,Ascomycota,1,3,69f462b06c014358db02aacbbeedd534,Fungi,343,,Unclustered,2,343,0,16.5,Ascomycota,343,0,Ascomycota,4,6.692491184236327E-4,5,FALSE,0,343,419,0
450,4.364864864864865,77,0.5114604760505437,30.98780487804878,-74,Sordariomycetes,20.63809523809523,0.22910216718266255,0.25,4,7,4,2.0031735104988996E-15,Cryphonectriaceae,Cryphonectriaceae,1,3,990ad189ea009e1b629474a6af569fef,Fungi,397,Cluster 8,Clustered,1.4,397,0,13,Diaporthales,397,0,Ascomycota,4,6.705280568096921E-4,3,FALSE,0,397,8836,0
341,1,120,0.778136938,31.51193633952255,-3,Ascomycota,3,1,0.25,4,1,4,1.9024543341505584E-27,Ascomycota,Ascomycota,1,3,31929e9278f552ae0fe8d7fa9be63032,Fungi,289,,Unclustered,1.4,289,0,13,Ascomycota,289,0,Ascomycota,4,6.626905235255136E-4,2,FALSE,0,289,18908,0
317,1,0,0,0,-2,Alphaproteobacteria,2,1,0.3333333333333333,4,1,4,-2.00E-13,Acetobacteraceae,Endobacter,2,2,a6bcc085d69c1159fbcbc0fd3925e7cf,Bacteria,118,,Unclustered,2.4000000000000004,118,0,5,Acetobacterales,118,0,Proteobacteria,4,6.622516556291391E-4,2,FALSE,0,118,0,0
449,1,5,0.028357331766088748,0.829145729,-2,Dothideomycetes,2,1,0.16666666666666666,4,1,4,-1.92E-26,Valsariaceae,Valsaria,2,2,08e551f0188209f634b1a313e95210fc,Fungi,387,Cluster 8,Seed,1.6666666666666667,387,0,5.5,Valsariales,387,0,Ascomycota,4,6.622516556291391E-4,3,FALSE,0,387,193,0
405,1.25,1.5,0.17857142857142855,0.4017857142857143,-4,Exobasidiomycetes,3.5,0.8,0.3333333333333333,4,2,4,-4.68E-27,Microstromatales_fam_Incertae_sedis,Pseudomicrostroma,1,3,91d64047a67006f64fa203c16a353465,Fungi,296,Cluster 4,Clustered,3,296,0,4.5,Microstromatales,296,0,Basidiomycota,4,6.629101756711965E-4,2,FALSE,0,296,20,0
405,1,4,0.8333333333333333,0.3333333333333333,-2,Actinobacteria,2,1,0.083333333,4,1,4,7.23252463933684E-27,Microbacteriaceae,Amnibacterium,2,2,e6f35e978bd7ee5baf1f0e2b955965f6,Bacteria,163,Cluster 12,Clustered,2,163,0,1.5,Micrococcales,163,0,Actinobacteriota,4,6.622516556291391E-4,3,FALSE,0,163,10,0
1165,1.2,0,0,0,-5,Eurotiomycetes,4.5,0.8333333333333334,0.25,4,2,4,9.832702657668954E-12,Phaeomoniellaceae,Neophaeomoniella,0,4,75a29bce10f7aa9c753533d206d3d1a4,Fungi,270,,Unclustered,1.4,270,0,3,Phaeomoniellales,270,0,Ascomycota,4,6.633499170812604E-4,2,FALSE,0,270,0,0
386,1,0,0,0,-2,Acidobacteriae,2,1,0.3333333333333333,3,1,3,4.182507246025541E-12,Acidobacteriaceae_(Subgroup_1),fb9e35ec89fe68edf8f07dac203b7ff8,1,2,183,Bacteria,183,,Unclustered,1.6666666666666667,183,0,5.333333333333333,Acidobacteriales,183,0,Acidobacteriota,3,6.622516556291391E-4,2,FALSE,0,183,0,0
555,1,0,0,0,-3,Sordariomycetes,3,1,0.3333333333333333,3,1,3,3.138756108594061E-12,Sporocadaceae,Pestalotiopsis,0,3,2e73da1d3e08b2e74d7cfe830f646187,Fungi,361,Cluster 7,Clustered,1.6666666666666667,361,0,2.3333333333333335,Xylariales,361,0,Ascomycota,3,6.626905235255136E-4,2,FALSE,0,361,0,0
682,1,0,0,0,-3,Dothideomycetes,3,1,0,3,1,3,1.4225443385650405E-12,Cladosporiaceae,Cladosporium,0,3,550215984abda5f59ef55299f115b31b,Fungi,400,,Unclustered,0.5,400,0,1.6666666666666667,Capnodiales,400,0,Ascomycota,3,6.626905235255136E-4,2,FALSE,0,400,0,0
632,1,0,0,0,-3,Dothideomycetes,3,1,0.3333333333333333,3,1,3,-5.46E-12,Pleosporaceae,Alternaria,0,3,dd42c2bbc27252c09c3007f0df8acdad,Fungi,501,Cluster 6,Clustered,1.6666666666666667,501,0,2.3333333333333335,Pleosporales,501,0,Ascomycota,3,6.626905235255136E-4,2,FALSE,0,501,0,0
282,0,0,0,0,0,Ascomycota,0,0,0.3333333333333333,3,0,3,5.9385001164457384E-27,Ascomycota,Ascomycota,3,0,fbe468846a1d8a98703d9d8fcdae8e80,Fungi,203,Cluster 7,Clustered,1.6666666666666667,203,0,2.3333333333333335,Ascomycota,203,0,Ascomycota,3,6.613756613756613E-4,2,FALSE,0,203,0,0
268,0,0,0,0,0,Ascomycota,0,0,0.5,3,0,3,-4.15E-26,Ascomycota,Ascomycota,3,0,de9cbe5dfcdd78e4b3e8f373d2aec1a9,Fungi,198,Cluster 4,Seed,3,198,0,5,Ascomycota,198,0,Ascomycota,3,6.613756613756613E-4,2,FALSE,0,198,0,0
144,2.25,2,0.55,0.7017543859649122,-4,Gammaproteobacteria,2.1666666666666665,0.4444444444444444,0.3333333333333333,3,3,3,-1.74E-13,Enterobacterales,Enterobacterales,2,1,3b94c19ef326eea0918e1c3d244c999c,Bacteria,39,,Unclustered,1.6666666666666667,39,0,3.6666666666666665,Enterobacterales,39,0,Proteobacteria,3,6.623247599072744E-4,2,FALSE,0,39,11,0
605,1,0,0,0,-2,Sordariomycetes,2,1,0.3333333333333333,3,1,3,1.2178687744900124E-26,Nectriaceae,Microcera,1,2,01039accf772656f599615591d92544d,Fungi,492,Cluster 6,Clustered,1.6666666666666667,492,0,2.3333333333333335,Hypocreales,492,0,Ascomycota,3,6.622516556291391E-4,2,FALSE,0,492,0,0
368,1.6666666666666667,0,0,0,-6,Eurotiomycetes,4.333333333333333,0.6,0.16666666666666666,3,3,3,-9.79E-13,Herpotrichiellaceae,Exophiala,0,3,27c944975899c87d097548c8c2f22eed,Fungi,251,,Unclustered,2,251,0,3.6666666666666665,Chaetothyriales,251,0,Ascomycota,3,6.632765863365023E-4,4,FALSE,0,251,0,0
373,2.3,0.9087301587301588,0.008124251,0.5541586986802653,-10,Ascomycota,5.333333333333333,0.4347826086956522,0.3333333333333333,3,4,3,-1.13E-14,Ascomycota,Ascomycota,1,2,b9e5b1eb692ab561ae816ddeb4a6bd0a,Fungi,307,,Unclustered,1.6666666666666667,307,0,29.333333333333332,Ascomycota,307,0,Ascomycota,3,6.63716814159292E-4,2,FALSE,0,307,251,0
618,1,0,0,0,-2,Tremellomycetes,2,1,0.3333333333333333,3,1,3,-4.56E-27,Cuniculitremaceae,Fellomyces,1,2,ba86eabd5966c6abbc41807c50519dba,Fungi,502,,Unclustered,1.6666666666666667,502,0,5.666666666666667,Tremellales,502,0,Basidiomycota,3,6.622516556291391E-4,2,FALSE,0,502,0,0
329,1,2,0.5,0.26666666666666666,-2,Bacteroidia,2,1,0,3,1,3,-6.95E-27,Sphingobacteriaceae,Mucilaginibacter,1,2,c34dd5feddf28b555db149e7aa6ddab6,Bacteria,139,,Unclustered,0.5,139,0,1.3333333333333333,Sphingobacteriales,139,0,Bacteroidota,3,6.622516556291391E-4,3,FALSE,0,139,6,0
201,1,2,0.8333333333333333,0.2222222222222222,-1,Alphaproteobacteria,1,1,0,3,1,3,2.867525856924631E-27,Beijerinckiaceae,Beijerinckiaceae,2,1,79b77e90e0528dfc365a75f174a7d120,Bacteria,89,,Unclustered,0.5,89,0,1,Rhizobiales,89,0,Proteobacteria,3,6.618133686300463E-4,2,FALSE,0,89,5,0
563,1,0,0,0,-2,Alphaproteobacteria,2,1,0,2,1,2,-2.39E-13,Beijerinckiaceae,Beijerinckiaceae,0,2,5c66ae04c7a895e9b529fee4b7002e37,Bacteria,61,,Unclustered,0.6666666666666666,61,0,1,Rhizobiales,61,0,Proteobacteria,2,6.622516556291391E-4,2,FALSE,0,61,0,0
375,0,0,0,0,0,Dothideomycetes,0,0,0.5,2,0,2,-1.02E-12,Tubeufiaceae,Helicoma,2,0,7e798b1d5bb609a9c4ff3183184ec2f4,Fungi,271,Cluster 6,Seed,2,271,0,3,Tubeufiales,271,0,Ascomycota,2,6.613756613756613E-4,3,FALSE,0,271,0,0
765,1,0,0,0,-1,Sordariomycetes,1,1,0.5,2,1,2,-3.98E-12,Diaporthales,Diaporthales,1,1,4a29aa59abe4301055675e886f9a75c8,Fungi,304,,Unclustered,2,304,0,5,Diaporthales,304,0,Ascomycota,2,6.618133686300463E-4,2,FALSE,0,304,0,0
421,0,0,0,0,0,Eurotiomycetes,0,0,0.5,2,0,2,-1.82E-26,Chaetothyriales,Chaetothyriales,2,0,9f9b64dc436b681228254343a9e4f8f6,Fungi,355,,Unclustered,2,355,0,22,Chaetothyriales,355,0,Ascomycota,2,6.613756613756613E-4,2,FALSE,0,355,0,0
890,1,0,0,0,-1,Ascomycota,1,1,0.5,2,1,2,5.482934286225707E-26,Ascomycota,Ascomycota,1,1,395f46858e97b06d7a360d580955410c,Fungi,434,Cluster 9,Seed,2,434,0,2,Ascomycota,434,0,Ascomycota,2,6.618133686300463E-4,3,FALSE,0,434,0,0
931,0,0,0,0,0,Leotiomycetes,0,0,0,2,0,2,2.374503500008911E-12,Hyaloscyphaceae,Lachnum,2,0,5b8ae2f1e405f458702c18307a0b5697,Fungi,477,,Unclustered,0.6666666666666666,477,0,2.5,Helotiales,477,0,Ascomycota,2,6.613756613756613E-4,2,FALSE,0,477,0,0
672,1,0,0,0,-1,Exobasidiomycetes,1,1,0.5,2,1,2,-2.42E-12,Brachybasidiaceae,Meira,1,1,353c6311464c88b8e44375a6d403beba,Fungi,472,Cluster 7,Seed,2,472,0,3,Exobasidiales,472,0,Basidiomycota,2,6.618133686300463E-4,2,FALSE,0,472,0,0
522,0,0,0,0,0,Eurotiomycetes,0,0,0.5,2,0,2,8.029543603358211E-27,Chaetothyriales,Chaetothyriales,2,0,69d20a46f16cbae04960e1ea9da4c9e5,Fungi,375,Cluster 10,Seed,2,375,0,2,Chaetothyriales,375,0,Ascomycota,2,6.613756613756613E-4,2,FALSE,0,375,0,0
516,1,0,0,0,-1,Eurotiomycetes,1,1,0.5,2,1,2,-2.46E-26,Phaeomoniellales,Phaeomoniellales,1,1,199f5df3de5a4510f70b6599afbd8395,Fungi,379,Cluster 10,Clustered,2,379,0,2,Phaeomoniellales,379,0,Ascomycota,2,6.618133686300463E-4,3,FALSE,0,379,0,0
451,1,0,0,0,-2,Dothideomycetes,2,1,0.5,2,1,2,-3.58E-12,Lophiostomataceae,Lophiostoma,0,2,2d693555e6f5b6ca8fa3f2fcb8547442,Fungi,290,Cluster 10,Clustered,2,290,0,2,Pleosporales,290,0,Ascomycota,2,6.622516556291391E-4,3,FALSE,0,290,0,0
645,1,0,0,0,-1,Dothideomycetes,1,1,0.5,2,1,2,-9.69E-27,Myriangiales,Myriangiales,1,1,6d37dfaf83267ed5e21369a52d5afd5d,Fungi,514,Cluster 11,Seed,2,514,0,2,Myriangiales,514,0,Ascomycota,2,6.618133686300463E-4,2,FALSE,0,514,0,0
618,0,0,0,0,0,Eurotiomycetes,0,0,0,2,0,2,-1.39E-26,Phaeomoniellaceae,Neophaeomoniella,2,0,acd90b1f80b359616afb7d16dbc6fcd9,Fungi,440,,Unclustered,0.6666666666666666,440,0,1.5,Phaeomoniellales,440,0,Ascomycota,2,6.613756613756613E-4,4,FALSE,0,440,0,0
447,1,0,0,0,-2,Dothideomycetes,2,1,0,2,1,2,-2.22E-11,Myriangiales,Myriangiales,0,2,7727a8d2b266824c0f51a2f7e3c3495e,Fungi,319,,Unclustered,0.6666666666666666,319,0,1.5,Myriangiales,319,0,Ascomycota,2,6.622516556291391E-4,2,FALSE,0,319,0,0
706,1,0,0,0,-2,Dothideomycetes,2,1,0,2,1,2,4.213056696002357E-12,Capnodiales,Capnodiales,0,2,195b14b93cac397f8fda702dc4911253,Fungi,446,,Unclustered,0.6666666666666666,446,0,1,Capnodiales,446,0,Ascomycota,2,6.622516556291391E-4,3,FALSE,0,446,0,0
353,1,0,0,0,-1,Sordariomycetes,1,1,0.5,2,1,2,2.417111179156772E-12,Sporocadaceae,Neopestalotiopsis,1,1,3af88a3c7bea639046a4cc0112c2f6b9,Fungi,240,Cluster 7,Clustered,2,240,0,3,Xylariales,240,0,Ascomycota,2,6.618133686300463E-4,3,FALSE,0,240,0,0
653,1,0,0,0,-1,Acidobacteriae,1,1,0.5,2,1,2,2.0003610388078004E-13,Acidobacteriaceae_(Subgroup_1),fe89b57e6b7b879f73edc7a508c14fab,1,1,184,Bacteria,184,,Unclustered,2,184,0,5,Acidobacteriales,184,0,Acidobacteriota,2,6.618133686300463E-4,3,FALSE,0,184,0,0
1325,1.75,3,0.6000000000000001,2.8125,-4,Dothideomycetes,2.5,0.5714285714285714,0.5,2,2,2,1.1454174128568891E-26,Botryosphaeriaceae,Diplodia,1,1,5b457d5efc31c2922da5d5e9639606a6,Fungi,465,,Unclustered,2,465,0,4,Botryosphaeriales,465,0,Ascomycota,2,6.62471016893011E-4,2,FALSE,0,465,12,0
487,0,0,0,0,0,Tremellomycetes,0,0,0,2,0,2,-2.00E-15,Rhynchogastremataceae,Papiliotrema,2,0,2adb2ed5be0674d62daf903fe7c340bc,Fungi,406,,Unclustered,0.6666666666666666,406,0,5,Tremellales,406,0,Basidiomycota,2,6.613756613756613E-4,4,FALSE,0,406,0,0
432,0,0,0,0,0,Dothideomycetes,0,0,0,2,0,2,7.777334494984961E-27,Capnodiales,Capnodiales,2,0,1356ee4b67e7625597d9d27da8666ea4,Fungi,267,,Unclustered,0.6666666666666666,267,0,4,Capnodiales,267,0,Ascomycota,2,6.613756613756613E-4,3,FALSE,0,267,0,0
525,1,1,1.5,0.25,-1,Ascomycota,1,1,0,2,1,2,-4.35E-26,Ascomycota,Ascomycota,1,1,243047ec9cbadbe0ef97b66bde5de0e0,Fungi,292,,Unclustered,0.6666666666666666,292,0,1,Ascomycota,292,0,Ascomycota,2,6.618133686300463E-4,3,FALSE,0,292,3,0
182,0,0,0,0,0,Thermoleophilia,0,0,0.5,2,0,2,-7.65E-13,Solirubrobacteraceae,Conexibacter,2,0,3f8e0a9db9a3c44a412c1d1bda565f00,Bacteria,43,,Unclustered,2,43,0,4.5,Solirubrobacterales,43,0,Actinobacteriota,2,6.613756613756613E-4,2,FALSE,0,43,0,0
672,0,0,0,0,0,Eurotiomycetes,0,0,0.5,2,0,2,-6.78E-27,Chaetothyriales,Chaetothyriales,2,0,8579b1db0b11d8c3dbb5ae97d6d29d67,Fungi,349,Cluster 9,Clustered,2,349,0,2,Chaetothyriales,349,0,Ascomycota,2,6.613756613756613E-4,3,FALSE,0,349,0,0
364,1,0,0,0,-2,Eurotiomycetes,2,1,0.5,2,1,2,1.3672836901813166E-11,Phaeomoniellaceae,Neophaeomoniella,0,2,dd48b62766082a93cc7b83218a1ea035,Fungi,194,Cluster 9,Clustered,2,194,0,2,Phaeomoniellales,194,0,Ascomycota,2,6.622516556291391E-4,3,FALSE,0,194,0,0
509,0,0,0,0,0,Sordariomycetes,0,0,0,2,0,2,-4.20E-26,Sporocadaceae,Pestalotiopsis,2,0,c8f64122cb85f392a1ddfca989213df0,Fungi,264,,Unclustered,0.6666666666666666,264,0,1,Xylariales,264,0,Ascomycota,2,6.613756613756613E-4,2,FALSE,0,264,0,0
173,1,0,0,0,-2,Acidobacteriae,2,1,0,2,1,2,1.9904238494752744E-12,Bryobacteraceae,Bryobacter,0,2,32ff2e6cedfd833181edc38ffa6c1217,Bacteria,34,,Unclustered,0.6666666666666666,34,0,1,Bryobacterales,34,0,Acidobacteriota,2,6.622516556291391E-4,2,FALSE,0,34,0,0
324,0,0,0,0,0,Sordariomycetes,0,0,0.5,2,0,2,5.4621176644067584E-27,Harknessiaceae,Harknessia,2,0,2beff9e56fd45466563622b09296301d,Fungi,277,Cluster 11,Clustered,2,277,0,2,Diaporthales,277,0,Ascomycota,2,6.613756613756613E-4,3,FALSE,0,277,0,0
596,1,0,0,0,-2,Sordariomycetes,2,1,0.5,2,1,2,6.698810542293859E-12,Xylariales_fam_Incertae_sedis,Phialemoniopsis,0,2,b339d9bf84b94fee469c60751296f76f,Fungi,470,Cluster 11,Clustered,2,470,0,2,Xylariales,470,0,Ascomycota,2,6.622516556291391E-4,5,FALSE,0,470,0,0
686,0,0,0,0,0,Dothideomycetes,0,0,0.5,2,0,2,1.0153774534761645E-12,Pleosporales,Pleosporales,2,0,137e1b49ab21b04f6baf9c735ca1f6d9,Fungi,507,Cluster 6,Clustered,2,507,0,3,Pleosporales,507,0,Ascomycota,2,6.613756613756613E-4,5,FALSE,0,507,0,0
200,1.5,0,0,0,-4,Alphaproteobacteria,3,0.6666666666666666,0.5,2,2,2,-1,Sphingomonadaceae,Sphingomonadaceae,0,2,7a0d63601edaf85d4d093538ef29bc46,Bacteria,91,Cluster 12,Seed,2,91,0,3,Sphingomonadales,91,0,Proteobacteria,2,6.626905235255136E-4,2,FALSE,0,91,0,0
379,0,0,0,0,0,Gammaproteobacteria,0,0,0.5,2,0,2,9.387284060838038E-13,Yersiniaceae,Yersiniaceae,2,0,63afe8e6aac58bf0d670a82ca5bc574c,Bacteria,68,,Unclustered,2,68,0,4.5,Enterobacterales,68,0,Proteobacteria,2,6.613756613756613E-4,3,FALSE,0,68,0,0
196,0,0,0,0,0,Actinobacteria,0,0,0,2,0,2,-3.19E-27,Microbacteriaceae,Microbacteriaceae,2,0,745c39aae97a50b799a5a46e126d8c9c,Bacteria,82,,Unclustered,0.6666666666666666,82,0,2,Micrococcales,82,0,Actinobacteriota,2,6.613756613756613E-4,2,FALSE,0,82,0,0
184,1.6666666666666667,0,0,0,-3,Alphaproteobacteria,2,0.6,0.5,2,2,2,-4.79E-26,Acetobacteraceae,Acidicaldus,1,1,6efd44ff8440ef981f2aa57f5c276b07,Bacteria,77,Cluster 12,Clustered,2,77,0,3,Acetobacterales,77,0,Proteobacteria,2,6.622516556291391E-4,2,FALSE,0,77,0,0
747,1,1,1.5,0.25,-1,Dothideomycetes,1,1,0,2,1,2,2.0824373366361794E-27,Capnodiales,Capnodiales,1,1,21d2562dcda35e85fb85f9d647958286,Fungi,478,,Unclustered,0.6666666666666666,478,0,1,Capnodiales,478,0,Ascomycota,2,6.618133686300463E-4,4,FALSE,0,478,3,0
475,1,0,0,0,-2,Eurotiomycetes,2,1,0,2,1,2,-9.13E-12,Herpotrichiellaceae,Exophiala,0,2,9ab9085ada85e5befcc6235da2d4586c,Fungi,376,,Unclustered,0.6666666666666666,376,0,1,Chaetothyriales,376,0,Ascomycota,2,6.622516556291391E-4,4,FALSE,0,376,0,0
520,0,0,0,0,0,Sordariomycetes,0,0,0.5,2,0,2,4.854317789776631E-27,Harknessiaceae,Harknessia,2,0,5b911ef3eb4c78f972b2e9bdfb5a74c9,Fungi,394,,Unclustered,2,394,0,3.5,Diaporthales,394,0,Ascomycota,2,6.613756613756613E-4,2,FALSE,0,394,0,0
783,0,0,0,0,0,Sordariomycetes,0,0,0,2,0,2,-2.37E-12,Xylariaceae,Xylariaceae,2,0,d1219571cf1bc1f111b62b04756f3980,Fungi,415,,Unclustered,0.6666666666666666,415,0,2.5,Xylariales,415,0,Ascomycota,2,6.613756613756613E-4,3,FALSE,0,415,0,0
764,1,0,0,0,-2,Tremellomycetes,2,1,0,2,1,2,-9.04E-14,Cuniculitremaceae,Fellomyces,0,2,87b5fbdae76296df20ac82d0cd5e4fbd,Fungi,380,,Unclustered,0.6666666666666666,380,0,2,Tremellales,380,0,Basidiomycota,2,6.622516556291391E-4,3,FALSE,0,380,0,0
669,1,0,0,0,-1,Ascomycota,1,1,0,1,1,1,7.061630190510621,Ascomycota,Ascomycota,0,1,56fa9da4e90348cdc71f18dc79352c39,Fungi,377,,Unclustered,0,377,0,2,Ascomycota,377,0,Ascomycota,1,6.618133686300463E-4,2,FALSE,0,377,0,0
256,1.5,0,0,0,-2,Acidobacteriae,1.5,0.6666666666666666,0,1,2,1,8.163664011935024E-14,Acidobacteriaceae_(Subgroup_1),Edaphobacter,0,1,a9fe7eef255ea4ed929bdc6417ead2ce,Bacteria,119,,Unclustered,0,119,0,3,Acidobacteriales,119,0,Acidobacteriota,1,6.620324395895399E-4,2,FALSE,0,119,0,0
394,0,0,0,0,0,Ascomycota,0,0,0,1,0,1,0,Ascomycota,Ascomycota,1,0,e4e52f138ba63d272c472abc16dad94d,Fungi,246,,Unclustered,0,246,0,2,Ascomycota,246,0,Ascomycota,1,6.613756613756613E-4,2,FALSE,0,246,0,0
351,0,0,0,0,0,Alphaproteobacteria,0,0,0,1,0,1,-3.62E-12,Beijerinckiaceae,Beijerinckiaceae,1,0,da59261c5663619924bab7e79a737ce6,Bacteria,154,,Unclustered,0,154,0,4,Rhizobiales,154,0,Proteobacteria,1,6.613756613756613E-4,4,FALSE,0,154,0,0
504,0,0,0,0,0,Ascomycota,0,0,0,1,0,1,0,Ascomycota,Ascomycota,1,0,234b4948c9f7555aa2cc42453454e64d,Fungi,324,,Unclustered,0,324,0,2,Ascomycota,324,0,Ascomycota,1,6.613756613756613E-4,2,FALSE,0,324,0,0
803,0,0,0,0,0,Eurotiomycetes,0,0,0,1,0,1,-4.00E-12,Phaeomoniellaceae,Neophaeomoniella,1,0,c27f272e57d9d2f18e7a604a03b70acc,Fungi,520,,Unclustered,0,520,0,1,Phaeomoniellales,520,0,Ascomycota,1,6.613756613756613E-4,2,FALSE,0,520,0,0
480,1,0,0,0,-1,Dothideomycetes,1,1,0,1,1,1,0,Capnodiales,Capnodiales,0,1,76672dcaff55b4e2e1ebc588d4d415d6,Fungi,333,,Unclustered,0,333,0,1,Capnodiales,333,0,Ascomycota,1,6.618133686300463E-4,2,FALSE,0,333,0,0
194,0,0,0,0,0,Alphaproteobacteria,0,0,0,1,0,1,-6.78E-12,Caulobacteraceae,Caulobacteraceae,1,0,4862c1f3a433255398a6d3c1db6f12c5,Bacteria,48,,Unclustered,0,48,0,2,Caulobacterales,48,0,Proteobacteria,1,6.613756613756613E-4,2,FALSE,0,48,0,0
1299,0,0,0,0,0,Alphaproteobacteria,0,0,0,1,0,1,4.1828122597150004E-14,Acetobacteraceae,Acetobacteraceae,1,0,c570b59170439bbe316ea161c640f571,Bacteria,142,,Unclustered,0,142,0,2,Acetobacterales,142,0,Proteobacteria,1,6.613756613756613E-4,3,FALSE,0,142,0,0
534,0,0,0,0,0,Ascomycota,0,0,0,1,0,1,1.383857346197826E-26,Ascomycota,Ascomycota,1,0,0afe69afc6f2b29a50b2233250656758,Fungi,303,,Unclustered,0,303,0,2,Ascomycota,303,0,Ascomycota,1,6.613756613756613E-4,2,FALSE,0,303,0,0
735,0,0,0,0,0,Eurotiomycetes,0,0,0,1,0,1,3.6172637680358005E-12,Phaeomoniellaceae,Neophaeomoniella,1,0,21df5629f1bc937e81153ddb155aa9ac,Fungi,306,,Unclustered,0,306,0,4,Phaeomoniellales,306,0,Ascomycota,1,6.613756613756613E-4,5,FALSE,0,306,0,0
1013,0,0,0,0,0,Bacteroidia,0,0,0,1,0,1,-4.18E-14,Sphingobacteriaceae,Mucilaginibacter,1,0,df71e7fadb22ad8451161f004583f840,Bacteria,157,,Unclustered,0,157,0,2,Sphingobacteriales,157,0,Bacteroidota,1,6.613756613756613E-4,2,FALSE,0,157,0,0
369,0,0,0,0,0,Leotiomycetes,0,0,0,1,0,1,-1.13E-27,Helotiaceae,Neocrinula,1,0,808c5f196ad231acf73fae23c56e128e,Fungi,213,,Unclustered,0,213,0,1,Helotiales,213,0,Ascomycota,1,6.613756613756613E-4,2,FALSE,0,213,0,0
443,1,0,0,0,-1,Sordariomycetes,1,1,0,1,1,1,2.0903807567777898E-12,Xylariales_fam_Incertae_sedis,Hansfordia,0,1,4bdee3d596a0cee7e30d6dc3b9de4551,Fungi,231,,Unclustered,0,231,0,1,Xylariales,231,0,Ascomycota,1,6.618133686300463E-4,2,FALSE,0,231,0,0
520,0,0,0,0,0,Dothideomycetes,0,0,0,1,0,1,1.0233453664135977E-12,Coniothyriaceae,Neoconiothyrium,1,0,cbd58c9ea53f65525ef96c90f8cf279d,Fungi,404,,Unclustered,0,404,0,2,Pleosporales,404,0,Ascomycota,1,6.613756613756613E-4,3,FALSE,0,404,0,0
307,0,0,0,0,0,Leotiomycetes,0,0,0,1,0,1,5.980240647789086E-26,Helotiaceae,Neocrinula,1,0,752f1f5614697c5a4542412f99c66133,Fungi,205,,Unclustered,0,205,0,2,Helotiales,205,0,Ascomycota,1,6.613756613756613E-4,2,FALSE,0,205,0,0
414,0,0,0,0,0,Acidobacteriae,0,0,0,1,0,1,-2.24E-27,Acidobacteriaceae_(Subgroup_1),Bryocella,1,0,de62ce36cc9535898769812313168bca,Bacteria,156,,Unclustered,0,156,0,1,Acidobacteriales,156,0,Acidobacteriota,1,6.613756613756613E-4,4,FALSE,0,156,0,0
427,1,0,0,0,-1,Acidobacteriae,1,1,0,1,1,1,1.3606502994352936E-11,Acidobacteriaceae_(Subgroup_1),Bryocella,0,1,f371716227f48f65383e0419ac59bd17,Bacteria,172,,Unclustered,0,172,0,1,Acidobacteriales,172,0,Acidobacteriota,1,6.618133686300463E-4,2,FALSE,0,172,0,0
988,0,0,0,0,0,Dothideomycetes,0,0,0,1,0,1,-1.38E-26,Cladosporiaceae,Toxicocladosporium,1,0,276bd6aa1c8543002fda14bc820eeae0,Fungi,250,,Unclustered,0,250,0,1,Capnodiales,250,0,Ascomycota,1,6.613756613756613E-4,4,FALSE,0,250,0,0
1263,1,0,0,0,-1,Dothideomycetes,1,1,0,1,1,1,2.7583895633933818E-11,Dothideomycetes,Dothideomycetes,0,1,0eb0e56d182be76cf3c0e7f76484c092,Fungi,435,,Unclustered,0,435,0,1,Dothideomycetes,435,0,Ascomycota,1,6.618133686300463E-4,2,FALSE,0,435,0,0
1389,0,0,0,0,0,Acidobacteriae,0,0,0,1,0,1,-8.11E-27,Acidobacteriaceae_(Subgroup_1),Bryocella,1,0,6f111d6b8889c19a88cab3a76b886a20,Bacteria,78,,Unclustered,0,78,0,1,Acidobacteriales,78,0,Acidobacteriota,1,6.613756613756613E-4,2,FALSE,0,78,0,0
1791,1,0,0,0,-1,Alphaproteobacteria,1,1,0,1,1,1,0,Sphingomonadaceae,Sphingomonas,0,1,bc669e3fc1aae2b83882d61af7b62eaa,Bacteria,132,,Unclustered,0,132,0,1,Sphingomonadales,132,0,Proteobacteria,1,6.618133686300463E-4,3,FALSE,0,132,0,0
737,1,0,0,0,-1,Dothideomycetes,1,1,0,1,1,1,5.457309989098116E-12,Dothideomycetes,Dothideomycetes,0,1,cd16a9db7f80359a3c23e89f55583cc8,Fungi,336,,Unclustered,0,336,0,2,Dothideomycetes,336,0,Ascomycota,1,6.618133686300463E-4,2,FALSE,0,336,0,0
166,1,0,0,0,-1,Gammaproteobacteria,1,1,0,1,1,1,6.59748348158224E-12,Erwiniaceae,Pantoea,0,1,5673ae66819e3bdbbc09461e4959159e,Bacteria,56,,Unclustered,0,56,0,6,Enterobacterales,56,0,Proteobacteria,1,6.618133686300463E-4,3,FALSE,0,56,0,0
580,0,0,0,0,0,Eurotiomycetes,0,0,0,1,0,1,-1.81E-26,Chaetothyriales,Chaetothyriales,1,0,f4395835dda4ba5b9eb2f00bf9e034ff,Fungi,488,,Unclustered,0,488,0,4,Chaetothyriales,488,0,Ascomycota,1,6.613756613756613E-4,5,FALSE,0,488,0,0
518,0,0,0,0,0,Dothideomycetes,0,0,0,1,0,1,-2.78E-27,Botryosphaeriaceae,Botryosphaeria,1,0,de39948a0a9d4a7c81e928a89c43820c,Fungi,331,,Unclustered,0,331,0,1,Botryosphaeriales,331,0,Ascomycota,1,6.613756613756613E-4,4,FALSE,0,331,0,0
425,1,0,0,0,-1,Eurotiomycetes,1,1,0,1,1,1,-1.71E-11,Eurotiomycetes,Eurotiomycetes,0,1,f38a333318715802a5321b77dafa8ac3,Fungi,288,,Unclustered,0,288,0,1,Eurotiomycetes,288,0,Ascomycota,1,6.618133686300463E-4,2,FALSE,0,288,0,0
1135,1.6666666666666667,0,0,0,-3,Dothideomycetes,2,0.6,0,1,2,1,7.644645839515588E-12,Teichosporaceae,Teichospora,0,1,5ec5151a34c5b6617914f834d1039166,Fungi,452,,Unclustered,0,452,0,3,Pleosporales,452,0,Ascomycota,1,6.622516556291391E-4,2,FALSE,0,452,0,0
462,3.513888888888889,0,0,0,-72,Dothideomycetes,23.402380952380945,0.2845849802371542,0,1,7,1,-2.59E-12,Teratosphaeriaceae,Phaeothecoidea,0,1,5d512e9a06820cfd7a72385520e898e1,Fungi,405,,Unclustered,0,405,0,29,Capnodiales,405,0,Ascomycota,1,6.71773209364518E-4,3,FALSE,0,405,0,0
771,0,0,0,0,0,Eurotiomycetes,0,0,0,1,0,1,-7.06E-27,Phaeomoniellaceae,Phaeomoniella,1,0,61be9d4e37f5198efaa9988a7929c238,Fungi,420,,Unclustered,0,420,0,1,Phaeomoniellales,420,0,Ascomycota,1,6.613756613756613E-4,2,FALSE,0,420,0,0
333,1,0,0,0,-1,Alphaproteobacteria,1,1,0,1,1,1,-5.03E-12,Caulobacteraceae,Caulobacteraceae,0,1,eb2a5875100a2d0bebf04325b07d6b8d,Bacteria,167,,Unclustered,0,167,0,1,Caulobacterales,167,0,Proteobacteria,1,6.618133686300463E-4,2,FALSE,0,167,0,0
290,0,0,0,0,0,Alphaproteobacteria,0,0,0,1,0,1,-4.88E-26,Beijerinckiaceae,Methylocella,1,0,e9251b05c872617dd890a47fe3d996d0,Bacteria,165,,Unclustered,0,165,0,3,Rhizobiales,165,0,Proteobacteria,1,6.613756613756613E-4,3,FALSE,0,165,0,0
657,1,0,0,0,-1,Eurotiomycetes,1,1,0,1,1,1,3.984423217976744E-12,Herpotrichiellaceae,Exophiala,0,1,edcde8c88d08002fefa9f17d8ecfea09,Fungi,500,,Unclustered,0,500,0,2,Chaetothyriales,500,0,Ascomycota,1,6.618133686300463E-4,2,FALSE,0,500,0,0
419,0,0,0,0,0,Dothideomycetes,0,0,0,1,0,1,5.670062507228854E-13,Capnodiaceae,Antennariella,1,0,b1c34ccb7191f2dadb8e90b51d9fe7ba,Fungi,284,,Unclustered,0,284,0,2,Capnodiales,284,0,Ascomycota,1,6.613756613756613E-4,2,FALSE,0,284,0,0
377,0,0,0,0,0,Ascomycota,0,0,0,1,0,1,-8.58E-27,Ascomycota,Ascomycota,1,0,efd92c75121faf8c82364743574b69b4,Fungi,252,,Unclustered,0,252,0,1,Ascomycota,252,0,Ascomycota,1,6.613756613756613E-4,2,FALSE,0,252,0,0
541,1,0,0,0,-1,Eurotiomycetes,1,1,0,1,1,1,2.7681862335681468E-12,Phaeomoniellaceae,Phaeomoniellaceae,0,1,d42e9c9861580d3834a86830a265c30a,Fungi,329,,Unclustered,0,329,0,1,Phaeomoniellales,329,0,Ascomycota,1,6.618133686300463E-4,3,FALSE,0,329,0,0
379,0,0,0,0,0,Dothideomycetes,0,0,0,1,0,1,-1.41E-28,Capnodiaceae,Capnodiaceae,1,0,a422734092ba040eddb29bec5ca93a0a,Fungi,222,,Unclustered,0,222,0,1,Capnodiales,222,0,Ascomycota,1,6.613756613756613E-4,4,FALSE,0,222,0,0
493,1,0,0,0,-1,Dothideomycetes,1,1,0,1,1,1,1.66734490656131E-13,Pleosporaceae,Alternaria,0,1,bae5f35c0867e8414428208bae9c8344,Fungi,276,,Unclustered,0,276,0,1,Pleosporales,276,0,Ascomycota,1,6.618133686300463E-4,3,FALSE,0,276,0,0
474,0,0,0,0,0,Ascomycota,0,0,0,1,0,1,1.4303542828773317E-27,Ascomycota,Ascomycota,1,0,fa5858c720e3d604325687d931fbfd57,Fungi,365,,Unclustered,0,365,0,1,Ascomycota,365,0,Ascomycota,1,6.613756613756613E-4,2,FALSE,0,365,0,0
539,1,0,0,0,-1,Dothideomycetes,1,1,0,1,1,1,4.225019797195596E-12,Aureobasidiaceae,Aureobasidium,0,1,622973d72648bd3d8588a33895b3b07c,Fungi,413,,Unclustered,0,413,0,1,Dothideales,413,0,Ascomycota,1,6.618133686300463E-4,2,FALSE,0,413,0,0
482,1.5,0,0,0,-2,Dothideomycetes,1.5,0.6666666666666666,0,1,2,1,7.971643305042465E-12,Capnodiales,Capnodiales,0,1,399d57a6d6e22d39e861ae28ec64494a,Fungi,238,,Unclustered,0,238,0,2,Capnodiales,238,0,Ascomycota,1,6.620324395895399E-4,3,FALSE,0,238,0,0
786,1,0,0,0,-1,Dothideomycetes,1,1,0,1,1,1,-1.37E-12,Capnodiales,Capnodiales,0,1,6b239373205a2102f2deb6d44a9f97d7,Fungi,443,,Unclustered,0,443,0,2,Capnodiales,443,0,Ascomycota,1,6.618133686300463E-4,3,FALSE,0,443,0,0
816,0,0,0,0,0,Dothideomycetes,0,0,0,1,0,1,6.776504979706073E-12,Teratosphaeriaceae,Devriesia,1,0,32b40c103c2ad1a861b9568673ab32c7,Fungi,233,,Unclustered,0,233,0,2,Capnodiales,233,0,Ascomycota,1,6.613756613756613E-4,2,FALSE,0,233,0,0
1219,0,0,0,0,0,Eurotiomycetes,0,0,0,1,0,1,-2.93E-26,Trichomeriaceae,Trichomeriaceae,1,0,8e493eba73430da119dd667080b74057,Fungi,282,,Unclustered,0,282,0,1,Chaetothyriales,282,0,Ascomycota,1,6.613756613756613E-4,2,FALSE,0,282,0,0
1403,1,0,0,0,-1,Dothideomycetes,1,1,0,1,1,1,-1.59E-11,Botryosphaeriaceae,Neofusicoccum,0,1,0989f2ca6a943c58dad977967f51adf8,Fungi,187,,Unclustered,0,187,0,1,Botryosphaeriales,187,0,Ascomycota,1,6.618133686300463E-4,5,FALSE,0,187,0,0
485,1.5,0,0,0,-2,Eurotiomycetes,1.5,0.6666666666666666,0,1,2,1,1.0532697681179902E-11,Herpotrichiellaceae,Melanchlenus,0,1,5021c0d27b9c78ded3b2f922c75c3a36,Fungi,280,,Unclustered,0,280,0,2,Chaetothyriales,280,0,Ascomycota,1,6.620324395895399E-4,2,FALSE,0,280,0,0
243,0,0,0,0,0,Dothideomycetes,0,0,0,1,0,1,-1.65E-11,Didymellaceae,Didymellaceae,1,0,fb7b135d869d1e293ed7087cadf50ab2,Fungi,209,,Unclustered,0,209,0,49,Pleosporales,209,0,Ascomycota,1,6.613756613756613E-4,4,FALSE,0,209,0,0
593,0,0,0,0,0,Sordariomycetes,0,0,0,1,0,1,-1.02E-12,Diaporthales_fam_Incertae_sedis,Apoharknessia,1,0,df484504237d4f99a963531a55c3d86b,Fungi,516,,Unclustered,0,516,0,2,Diaporthales,516,0,Ascomycota,1,6.613756613756613E-4,3,FALSE,0,516,0,0
428,0,0,0,0,0,Dothideomycetes,0,0,0,1,0,1,-8.83E-27,Capnodiales,Capnodiales,1,0,a335809705ca3b26341286d69b0775cc,Fungi,190,,Unclustered,0,190,0,3,Capnodiales,190,0,Ascomycota,1,6.613756613756613E-4,3,FALSE,0,190,0,0
785,1.5,0,0,0,-2,Dothideomycetes,1.5,0.6666666666666666,0,1,2,1,1.2907520534951855E-11,Capnodiales,Capnodiales,0,1,8429129c42b29b5fef00357a246fb55e,Fungi,308,,Unclustered,0,308,0,3,Capnodiales,308,0,Ascomycota,1,6.620324395895399E-4,2,FALSE,0,308,0,0
1041,0,0,0,0,0,Eurotiomycetes,0,0,0,1,0,1,3.994404674620721E-28,Chaetothyriales,Chaetothyriales,1,0,f0cb23b27cb6135900b076abd4f8a1b3,Fungi,493,,Unclustered,0,493,0,3,Chaetothyriales,493,0,Ascomycota,1,6.613756613756613E-4,3,FALSE,0,493,0,0